{"AK": 0.16307692307692306, "AL": 0.20967741935483872, "AR": 0.19831730769230768, "AZ": 0.1703056768558952, "CA": 0.17491749174917492, "CO": 0.14306676449009537, "CT": 0.16265060240963855, "DC": 0.11416490486257928, "DE": 0.1746987951807229, "FL": 0.2084478021978022, "GA": 0.1770091556459817, "HI": 0.20081411126187246, "IA": 0.14285714285714285, "ID": 0.2, "IL": 0.17167654530059273, "IN": 0.20795660036166366, "KS": 0.1733203505355404, "KY": 0.20618556701030927, "LA": 0.18410041841004185, "MA": 0.17361754711152302, "MD": 0.18089960886571055, "ME": 0.0, "MI": 0.19649737302977233, "MN": 0.1747756258856873, "MO": 0.1887072808320951, "MS": 0.234375, "MT": 0.13279132791327913, "NC": 0.1841566793335282, "NE": 0.45454545454545453, "NH": 0.16638655462184873, "NJ": 0.20103813136354562, "NM": 0.18466353677621283, "NV": 0.22464558342420937, "NY": 0.1870392281787567, "OH": 0.18541114058355437, "OK": 0.20436507936507936, "OR": 0.16026812918951858, "PA": 0.17434679334916864, "RI": 0.1894353369763206, "SC": 0.15845070422535212, "SD": 0.19915254237288135, "TN": 0.2542713567839196, "TX": 0.15563125399190972, "UT": 0.17124542124542125, "VA": 0.17062423500611995, "VT": 0.18867924528301888, "WA": 0.17207237965175828, "WI": 0.17057291666666666, "WV": 0.12087912087912088, "WY": 0.10431654676258993}